name,emailAddress,age,prefecture,title,contents
"西口 理紗","anishiguchi@jyciupeuy.com",47,"北海道","ダミー問い合わせ１","ダミー問い合わせ１"
"大倉 麻衣子","maiko895@jbvh.co.jp",38,"東京都","ダミー問い合わせ２","ダミー問い合わせ２"
"寺崎 夏実","Natsumi_Terasaki@kpxwno.com",50,"兵庫県","ダミー問い合わせ３","ダミー問い合わせ３"
"立石 重行","itateishi@mcicjxmqug.jp",35,"秋田県","ダミー問い合わせ４","ダミー問い合わせ４"
"野呂 伊吹","ibuki05655@osdhl.com",32,"埼玉県","ダミー問い合わせ５","ダミー問い合わせ５"
"梅木 恵利","eri113@kxvvqyony.co.jp",46,"東京都","ダミー問い合わせ６","ダミー問い合わせ６"
"新村 正行","masayuki52014@fksllu.uk",27,"山梨県","ダミー問い合わせ７","ダミー問い合わせ７"
"上岡 毅","Takeshi_Kamioka@akyck.jp",27,"京都府","ダミー問い合わせ８","ダミー問い合わせ８"
"安斎 治雄","haruo5205@newek.com",43,"群馬県","ダミー問い合わせ９","ダミー問い合わせ９"
"日下部 篤","atsushi28827@zdrqbkomh.jp",42,"埼玉県","ダミー問い合わせ１０","ダミー問い合わせ１０"
